{
	"info": {
		"_postman_id": "4c04c179-9209-44cf-9ec8-584195b8b2bd",
		"name": "May25",
		"schema": "https://schema.getpostman.com/json/collection/v2.0.0/collection.json"
	},
	"item": [
		{
			"name": "https://petstore.swagger.io/v2/pet/11",
			"request": {
				"method": "GET",
				"header": [],
				"url": "https://petstore.swagger.io/v2/pet/11"
			},
			"response": []
		},
		{
			"name": "https://reqres.in/api/users",
			"request": {
				"method": "POST",
				"header": [],
				"body": {
					"mode": "raw",
					"raw": "{\r\n    \"name\": \"Sandeep\",\r\n    \"job\": \"API lernner\"\r\n}",
					"options": {
						"raw": {
							"language": "json"
						}
					}
				},
				"url": "https://reqres.in/api/users"
			},
			"response": []
		},
		{
			"name": "https://chercher.tech/sample/api/books.xml?year=2015",
			"request": {
				"method": "GET",
				"header": [],
				"url": {
					"raw": "https://chercher.tech/sample/api/books.xml?year=2015",
					"protocol": "https",
					"host": [
						"chercher",
						"tech"
					],
					"path": [
						"sample",
						"api",
						"books.xml"
					],
					"query": [
						{
							"key": "year",
							"value": "2015"
						}
					]
				}
			},
			"response": []
		},
		{
			"name": "https://twitter.com",
			"request": {
				"method": "GET",
				"header": [],
				"url": "https://twitter.com"
			},
			"response": []
		}
	]
}